"","estimateP1","ts1","ps1","estimateP2","tP2","pP2","estimateP3","tP3","pP3","estimateP4","tP4","pP4","estimateP5","tP5","pP5"
"1",0.569074718293186,0.184393079054271,0.854614134215681,11.0701002014851,2.63377245117782,0.0118573462596494,-2.85102314328975,-0.877970793457626,0.385075726078461,-0.0228836128326799,-0.0172703908731599,0.986304678295439,-4.27608966628856,-2.59464552617537,0.0130759706953141
"2",1.64143980315013,0.494679871561917,0.623466597864143,10.6541689222601,2.51236694037122,0.0160211002913577,-3.15603074659976,-0.991780988720679,0.327121755070049,-0.429363171367637,-0.303707452176075,0.762886734577971,-4.1414182602723,-2.4841493458865,0.0171628670103909
"3",1.62328913381667,0.47924132265557,0.634313336298654,11.7668721718566,2.80253519836545,0.00770758570069319,-2.90834060573614,-0.867519708034329,0.39070660337001,-0.439669054553643,-0.303142938289208,0.763313815426923,-4.56663395347762,-2.75225092539678,0.00877592085993784
"4",0.90351694555046,0.260605527194421,0.795701201195548,11.8732459307341,2.69605577724279,0.0101311901737193,-3.45250227613274,-0.995483377364962,0.325340372442309,-0.135412827657248,-0.0919626837539726,0.927175561272491,-4.5588159107479,-2.58793687702242,0.0132961003792538
