"","estimateP1","ts1","ps1","estimateP2","tP2","pP2","estimateP3","tP3","pP3","estimateP4","tP4","pP4","estimateP5","tP5","pP5"
"1",0.111911530529381,0.0359930976668387,0.97146253694297,10.6112480165235,2.50589130647928,0.0162768283277748,-2.25903302393678,-0.690511588031786,0.493763298633134,0.177249412972187,0.132779627621264,0.895017208629633,-4.10905158462572,-2.47481015405413,0.0175567572452835
"2",1.07887233313167,0.324460409688398,0.747239137658479,9.92305793064216,2.33498276691952,0.0245198348501408,-2.45029589577821,-0.768615746488353,0.446526428888326,-0.17215956932631,-0.121573217106081,0.903830931092263,-3.85930831643299,-2.31325023147132,0.0258013377702118
"3",1.02259714466646,0.298635290491793,0.766726728806392,11.3002144683797,2.66228718777235,0.0110359837654823,-2.33278191709545,-0.688313676360121,0.495131611339763,-0.180313002304286,-0.122977816203433,0.902725531444453,-4.38782140994785,-2.61588678414964,0.0124008407181311
"4",0.412479340571762,0.117994767022437,0.906647989229906,11.2953975802493,2.54374842051845,0.0148329356333226,-2.89182624215149,-0.826961819735103,0.413045832522238,0.0815989730138654,0.0549603827041216,0.956436976754029,-4.33609380633244,-2.44125709450215,0.0190405808521619
