"","estimateP1","ts1","ps1","estimateP2","tP2","pP2","estimateP3","tP3","pP3","estimateP4","tP4","pP4","estimateP5","tP5","pP5"
"1",0.0592550166725125,0.0359578581971096,0.971490464545943,0.457280491781056,0.233039238445561,0.81689046428237,1.33596477707782,0.970437408804029,0.33751893890059,-0.180361991045689,-0.254650799078893,0.800265786949432,-0.266956479036994,-0.337350483557268,0.737573730880826
"2",0.0592556979351675,0.0359582705690287,0.971490137737205,0.457280983459636,0.233039490488122,0.816890269883495,1.33596393923808,0.970436776671424,0.33751925006096,-0.180362293427038,-0.254651218702519,0.800265465036303,-0.266956686580155,-0.337350747232694,0.737573533601474
"3",0.0592551019729723,0.0359579123729118,0.971490421611095,0.457279366138312,0.233038666101419,0.816890905727925,1.33596455775232,0.970437273752682,0.337519005378125,-0.180362033847576,-0.254650876381419,0.800265727647006,-0.266956072742573,-0.337349973382058,0.737574112588933
"4",0.0592550237030403,0.0359578624146636,0.97149046120349,0.457280885479733,0.233039440948747,0.816890308092908,1.33596478842591,0.970437450696877,0.3375189182793,-0.180361994447698,-0.254650803868731,0.800265783274921,-0.266956624453769,-0.337350668931591,0.737573592185585
