"","estimateP1","ts1","pP1","estimateP2","tP2","pP2","estimateP3","tP3","pP3","estimateP4","tP4","pP4","estimateP5","tP5","pP5","estimateP6","tP6","pP6"
"1",1.08123831524425,0.328568346124768,0.744195965174997,11.5841577895997,2.64825453022326,0.0115229857217913,-3.51423579585995,-0.988894871299479,0.328659036859214,1.14165262525078,6.61054265248688,6.56245617847162e-08,-0.247094267612816,-0.174532990385899,0.862327015381282,-4.46322405055661,-2.61293026761467,0.0125866195542976
"2",2.26512618911886,0.633117136391517,0.530260454517969,11.475496904936,2.56381666835658,0.0142156196872834,-3.93532623759813,-1.1236018394858,0.267880365598367,1.14093956036044,6.67445841514184,5.34035424770707e-08,-0.71501660989815,-0.467475395659831,0.642696625794079,-4.45854878709191,-2.53692407235582,0.0151872936666768
"3",2.76302361318321,0.697103139091487,0.489770206930007,13.9350498030745,2.86687408716869,0.00658239079222334,-4.76329934299678,-1.26369817633049,0.213653822991031,1.19677245443177,7.04952700339939,1.60030237950082e-08,-1.11458064079004,-0.652449565642881,0.51784340250032,-5.47815479021174,-2.81925264505971,0.00745064650636307
"4",1.74422007034364,0.471476155476832,0.639862327748457,13.0057039146647,2.78328391058851,0.00817585256987963,-4.46224275344858,-1.19255985365474,0.240068402454101,1.16559296170463,6.68634547005497,5.13965647819248e-08,-0.528546744202515,-0.334304523923102,0.739896330142489,-5.00682532677645,-2.68371828356034,0.0105389606518005
