"","estimateP1","ts1","ps1","estimateP2","tP2","pP2","estimateP3","tP3","pP3","estimateP4","tP4","pP4","estimateP5","tP5","pP5"
"1",-6.13606523202935,-2.17799341965379,0.035212956676141,-6.15873502181206,-1.60512732825737,0.116141920617014,7.94571909664246,2.68042589404352,0.0105411143781353,2.68619466202485,2.22078404359865,0.0319500048682679,2.24199277863719,1.4902416979889,0.143814297475245
"2",-7.03335573426133,-2.2835323713478,0.0276508440881633,-7.16704433324341,-1.82132677355929,0.0758593883895795,7.89411855144953,2.67223538887892,0.0107619828597976,3.07494799915724,2.34198850599726,0.024119082752633,2.71514810400622,1.75216889918734,0.0872215406018202
"3",-7.28955835852986,-2.12670337672393,0.0395098827801779,-6.94912954690078,-1.62263268234649,0.112333433286009,6.59606234510517,1.99491433709066,0.0527280822453398,3.19212284059266,2.16612519366262,0.0361687129974011,2.70122643875052,1.57656668017651,0.122580870138961
"4",-6.59072927168696,-2.10876004473478,0.0411186182537537,-7.75590689457267,-1.95361224175318,0.0575932470177816,7.52541993190083,2.40700587312626,0.0206716532113034,2.91274237355362,2.19432158540819,0.0339345841022505,2.98938622965422,1.88247850134305,0.0668808361237248
