"","estimateP1","ts1","ps1","estimateP2","tP2","pP2","estimateP3","tP3","pP3","estimateP4","tP4","pP4","estimateP5","tP5","pP5"
"1",-6.0178390233407,-1.74658682200098,0.0881977633718165,-0.428657627663441,-0.0913506292918327,0.927658857833197,6.66653105129832,1.83888055769986,0.0731831902133144,2.75514805418572,1.86250224854513,0.0697086384653218,0.0245998554540492,0.0133702052532978,0.989397286983883
"2",-6.36936468268033,-1.730580432238,0.0910478031024624,-1.66347860655866,-0.353702739727706,0.725374093537851,6.57914857076422,1.86539045697128,0.0692935971521413,2.94829105284868,1.88175397551053,0.0669816613171657,0.574046822459508,0.311363742615738,0.757101838709497
"3",-6.33389786526223,-1.4599243744975,0.15193139367071,-0.222775354507647,-0.0411205122260202,0.967399418824332,4.44389407768938,1.0750760402141,0.28862683901983,2.83690851712067,1.52003773153969,0.136176516958827,0.0504530116886883,0.0232464223662375,0.981566481316178
"4",-6.3095334967429,-1.63593722530941,0.109507678937466,-1.64858195864638,-0.336505383378333,0.738206118529491,5.91335279180698,1.53269553793358,0.133031694572854,2.92916748539671,1.7882082686718,0.0811341928414206,0.644928300204583,0.329105486703153,0.743751257644217
